metabolite_id,metabolite,metabolic_class,ukb_field_id
3_hydroxybutyrate,3-Hydroxybutyrate,ketone_bodies,23474
acetate,Acetate,other_or_unclassified,23475
acetoacetate,Acetoacetate,ketone_bodies,23476
acetone,Acetone,ketone_bodies,23477
alanine,Alanine,amino_acids,23460
albumin,Albumin,inflammation_protein_renal,23479
apolipoprotein_a1,Apolipoprotein A1,lipoprotein_lipids_particles,23440
apolipoprotein_b,Apolipoprotein B,lipoprotein_lipids_particles,23439
apolipoprotein_b_to_apolipoprotein_a1_ratio,Apolipoprotein B to Apolipoprotein A1 ratio,lipoprotein_lipids_particles,23441
average_diameter_for_hdl_particles,Average Diameter for HDL Particles,lipoprotein_lipids_particles,23433
average_diameter_for_ldl_particles,Average Diameter for LDL Particles,lipoprotein_lipids_particles,23432
average_diameter_for_vldl_particles,Average Diameter for VLDL Particles,lipoprotein_lipids_particles,23431
cholesterol_in_chylomicrons_and_extremely_large_vldl,Cholesterol in Chylomicrons and Extremely Large VLDL,lipoprotein_lipids_particles,23484
cholesterol_in_idl,Cholesterol in IDL,lipoprotein_lipids_particles,23526
cholesterol_in_large_hdl,Cholesterol in Large HDL,lipoprotein_lipids_particles,23561
cholesterol_in_large_ldl,Cholesterol in Large LDL,lipoprotein_lipids_particles,23533
cholesterol_in_large_vldl,Cholesterol in Large VLDL,lipoprotein_lipids_particles,23498
cholesterol_in_medium_hdl,Cholesterol in Medium HDL,lipoprotein_lipids_particles,23568
cholesterol_in_medium_ldl,Cholesterol in Medium LDL,lipoprotein_lipids_particles,23540
cholesterol_in_medium_vldl,Cholesterol in Medium VLDL,lipoprotein_lipids_particles,23505
cholesterol_in_small_hdl,Cholesterol in Small HDL,lipoprotein_lipids_particles,23575
cholesterol_in_small_ldl,Cholesterol in Small LDL,lipoprotein_lipids_particles,23547
cholesterol_in_small_vldl,Cholesterol in Small VLDL,lipoprotein_lipids_particles,23512
cholesterol_in_very_large_hdl,Cholesterol in Very Large HDL,lipoprotein_lipids_particles,23554
cholesterol_in_very_large_vldl,Cholesterol in Very Large VLDL,lipoprotein_lipids_particles,23491
cholesterol_in_very_small_vldl,Cholesterol in Very Small VLDL,lipoprotein_lipids_particles,23519
cholesterol_to_total_lipids_in_chylomicrons_and_extremely_large_vldl_percentage,Cholesterol to Total Lipids in Chylomicrons and Extremely Large VLDL percentage,lipoprotein_lipids_particles,23580
cholesterol_to_total_lipids_in_idl_percentage,Cholesterol to Total Lipids in IDL percentage,lipoprotein_lipids_particles,23610
cholesterol_to_total_lipids_in_large_hdl_percentage,Cholesterol to Total Lipids in Large HDL percentage,lipoprotein_lipids_particles,23635
cholesterol_to_total_lipids_in_large_ldl_percentage,Cholesterol to Total Lipids in Large LDL percentage,lipoprotein_lipids_particles,23615
cholesterol_to_total_lipids_in_large_vldl_percentage,Cholesterol to Total Lipids in Large VLDL percentage,lipoprotein_lipids_particles,23590
cholesterol_to_total_lipids_in_medium_hdl_percentage,Cholesterol to Total Lipids in Medium HDL percentage,lipoprotein_lipids_particles,23640
cholesterol_to_total_lipids_in_medium_ldl_percentage,Cholesterol to Total Lipids in Medium LDL percentage,lipoprotein_lipids_particles,23620
cholesterol_to_total_lipids_in_medium_vldl_percentage,Cholesterol to Total Lipids in Medium VLDL percentage,lipoprotein_lipids_particles,23595
cholesterol_to_total_lipids_in_small_hdl_percentage,Cholesterol to Total Lipids in Small HDL percentage,lipoprotein_lipids_particles,23645
cholesterol_to_total_lipids_in_small_ldl_percentage,Cholesterol to Total Lipids in Small LDL percentage,lipoprotein_lipids_particles,23625
cholesterol_to_total_lipids_in_small_vldl_percentage,Cholesterol to Total Lipids in Small VLDL percentage,lipoprotein_lipids_particles,23600
cholesterol_to_total_lipids_in_very_large_hdl_percentage,Cholesterol to Total Lipids in Very Large HDL percentage,lipoprotein_lipids_particles,23630
cholesterol_to_total_lipids_in_very_large_vldl_percentage,Cholesterol to Total Lipids in Very Large VLDL percentage,lipoprotein_lipids_particles,23585
cholesterol_to_total_lipids_in_very_small_vldl_percentage,Cholesterol to Total Lipids in Very Small VLDL percentage,lipoprotein_lipids_particles,23605
cholesteryl_esters_in_chylomicrons_and_extremely_large_vldl,Cholesteryl Esters in Chylomicrons and Extremely Large VLDL,lipoprotein_lipids_particles,23485
cholesteryl_esters_in_hdl,Cholesteryl Esters in HDL,lipoprotein_lipids_particles,23418
cholesteryl_esters_in_idl,Cholesteryl Esters in IDL,lipoprotein_lipids_particles,23527
cholesteryl_esters_in_ldl,Cholesteryl Esters in LDL,lipoprotein_lipids_particles,23417
cholesteryl_esters_in_large_hdl,Cholesteryl Esters in Large HDL,lipoprotein_lipids_particles,23562
cholesteryl_esters_in_large_ldl,Cholesteryl Esters in Large LDL,lipoprotein_lipids_particles,23534
cholesteryl_esters_in_large_vldl,Cholesteryl Esters in Large VLDL,lipoprotein_lipids_particles,23499
cholesteryl_esters_in_medium_hdl,Cholesteryl Esters in Medium HDL,lipoprotein_lipids_particles,23569
cholesteryl_esters_in_medium_ldl,Cholesteryl Esters in Medium LDL,lipoprotein_lipids_particles,23541
cholesteryl_esters_in_medium_vldl,Cholesteryl Esters in Medium VLDL,lipoprotein_lipids_particles,23506
cholesteryl_esters_in_small_hdl,Cholesteryl Esters in Small HDL,lipoprotein_lipids_particles,23576
cholesteryl_esters_in_small_ldl,Cholesteryl Esters in Small LDL,lipoprotein_lipids_particles,23548
cholesteryl_esters_in_small_vldl,Cholesteryl Esters in Small VLDL,lipoprotein_lipids_particles,23513
cholesteryl_esters_in_vldl,Cholesteryl Esters in VLDL,lipoprotein_lipids_particles,23416
cholesteryl_esters_in_very_large_hdl,Cholesteryl Esters in Very Large HDL,lipoprotein_lipids_particles,23555
cholesteryl_esters_in_very_large_vldl,Cholesteryl Esters in Very Large VLDL,lipoprotein_lipids_particles,23492
cholesteryl_esters_in_very_small_vldl,Cholesteryl Esters in Very Small VLDL,lipoprotein_lipids_particles,23520
cholesteryl_esters_to_total_lipids_in_chylomicrons_and_extremely_large_vldl_percentage,Cholesteryl Esters to Total Lipids in Chylomicrons and Extremely Large VLDL percentage,lipoprotein_lipids_particles,23581
cholesteryl_esters_to_total_lipids_in_idl_percentage,Cholesteryl Esters to Total Lipids in IDL percentage,lipoprotein_lipids_particles,23611
cholesteryl_esters_to_total_lipids_in_large_hdl_percentage,Cholesteryl Esters to Total Lipids in Large HDL percentage,lipoprotein_lipids_particles,23636
cholesteryl_esters_to_total_lipids_in_large_ldl_percentage,Cholesteryl Esters to Total Lipids in Large LDL percentage,lipoprotein_lipids_particles,23616
cholesteryl_esters_to_total_lipids_in_large_vldl_percentage,Cholesteryl Esters to Total Lipids in Large VLDL percentage,lipoprotein_lipids_particles,23591
cholesteryl_esters_to_total_lipids_in_medium_hdl_percentage,Cholesteryl Esters to Total Lipids in Medium HDL percentage,lipoprotein_lipids_particles,23641
cholesteryl_esters_to_total_lipids_in_medium_ldl_percentage,Cholesteryl Esters to Total Lipids in Medium LDL percentage,lipoprotein_lipids_particles,23621
cholesteryl_esters_to_total_lipids_in_medium_vldl_percentage,Cholesteryl Esters to Total Lipids in Medium VLDL percentage,lipoprotein_lipids_particles,23596
cholesteryl_esters_to_total_lipids_in_small_hdl_percentage,Cholesteryl Esters to Total Lipids in Small HDL percentage,lipoprotein_lipids_particles,23646
cholesteryl_esters_to_total_lipids_in_small_ldl_percentage,Cholesteryl Esters to Total Lipids in Small LDL percentage,lipoprotein_lipids_particles,23626
cholesteryl_esters_to_total_lipids_in_small_vldl_percentage,Cholesteryl Esters to Total Lipids in Small VLDL percentage,lipoprotein_lipids_particles,23601
cholesteryl_esters_to_total_lipids_in_very_large_hdl_percentage,Cholesteryl Esters to Total Lipids in Very Large HDL percentage,lipoprotein_lipids_particles,23631
cholesteryl_esters_to_total_lipids_in_very_large_vldl_percentage,Cholesteryl Esters to Total Lipids in Very Large VLDL percentage,lipoprotein_lipids_particles,23586
cholesteryl_esters_to_total_lipids_in_very_small_vldl_percentage,Cholesteryl Esters to Total Lipids in Very Small VLDL percentage,lipoprotein_lipids_particles,23606
citrate,Citrate,glycolysis_energy,23473
clinical_ldl_cholesterol,Clinical LDL Cholesterol,lipoprotein_lipids_particles,23404
concentration_of_chylomicrons_and_extremely_large_vldl_particles,Concentration of Chylomicrons and Extremely Large VLDL Particles,lipoprotein_lipids_particles,23481
concentration_of_hdl_particles,Concentration of HDL Particles,lipoprotein_lipids_particles,23430
concentration_of_idl_particles,Concentration of IDL Particles,lipoprotein_lipids_particles,23523
concentration_of_ldl_particles,Concentration of LDL Particles,lipoprotein_lipids_particles,23429
concentration_of_large_hdl_particles,Concentration of Large HDL Particles,lipoprotein_lipids_particles,23558
concentration_of_large_ldl_particles,Concentration of Large LDL Particles,lipoprotein_lipids_particles,23530
concentration_of_large_vldl_particles,Concentration of Large VLDL Particles,lipoprotein_lipids_particles,23495
concentration_of_medium_hdl_particles,Concentration of Medium HDL Particles,lipoprotein_lipids_particles,23565
concentration_of_medium_ldl_particles,Concentration of Medium LDL Particles,lipoprotein_lipids_particles,23537
concentration_of_medium_vldl_particles,Concentration of Medium VLDL Particles,lipoprotein_lipids_particles,23502
concentration_of_small_hdl_particles,Concentration of Small HDL Particles,lipoprotein_lipids_particles,23572
concentration_of_small_ldl_particles,Concentration of Small LDL Particles,lipoprotein_lipids_particles,23544
concentration_of_small_vldl_particles,Concentration of Small VLDL Particles,lipoprotein_lipids_particles,23509
concentration_of_vldl_particles,Concentration of VLDL Particles,lipoprotein_lipids_particles,23428
concentration_of_very_large_hdl_particles,Concentration of Very Large HDL Particles,lipoprotein_lipids_particles,23551
concentration_of_very_large_vldl_particles,Concentration of Very Large VLDL Particles,lipoprotein_lipids_particles,23488
concentration_of_very_small_vldl_particles,Concentration of Very Small VLDL Particles,lipoprotein_lipids_particles,23516
creatinine,Creatinine,inflammation_protein_renal,23478
degree_of_unsaturation,Degree of Unsaturation,other_or_unclassified,23443
docosahexaenoic_acid,Docosahexaenoic Acid,other_or_unclassified,23450
docosahexaenoic_acid_to_total_fatty_acids_percentage,Docosahexaenoic Acid to Total Fatty Acids percentage,fatty_acids,23457
free_cholesterol_in_chylomicrons_and_extremely_large_vldl,Free Cholesterol in Chylomicrons and Extremely Large VLDL,lipoprotein_lipids_particles,23486
free_cholesterol_in_hdl,Free Cholesterol in HDL,lipoprotein_lipids_particles,23422
free_cholesterol_in_idl,Free Cholesterol in IDL,lipoprotein_lipids_particles,23528
free_cholesterol_in_ldl,Free Cholesterol in LDL,lipoprotein_lipids_particles,23421
free_cholesterol_in_large_hdl,Free Cholesterol in Large HDL,lipoprotein_lipids_particles,23563
free_cholesterol_in_large_ldl,Free Cholesterol in Large LDL,lipoprotein_lipids_particles,23535
free_cholesterol_in_large_vldl,Free Cholesterol in Large VLDL,lipoprotein_lipids_particles,23500
free_cholesterol_in_medium_hdl,Free Cholesterol in Medium HDL,lipoprotein_lipids_particles,23570
free_cholesterol_in_medium_ldl,Free Cholesterol in Medium LDL,lipoprotein_lipids_particles,23542
free_cholesterol_in_medium_vldl,Free Cholesterol in Medium VLDL,lipoprotein_lipids_particles,23507
free_cholesterol_in_small_hdl,Free Cholesterol in Small HDL,lipoprotein_lipids_particles,23577
free_cholesterol_in_small_ldl,Free Cholesterol in Small LDL,lipoprotein_lipids_particles,23549
free_cholesterol_in_small_vldl,Free Cholesterol in Small VLDL,lipoprotein_lipids_particles,23514
free_cholesterol_in_vldl,Free Cholesterol in VLDL,lipoprotein_lipids_particles,23420
free_cholesterol_in_very_large_hdl,Free Cholesterol in Very Large HDL,lipoprotein_lipids_particles,23556
free_cholesterol_in_very_large_vldl,Free Cholesterol in Very Large VLDL,lipoprotein_lipids_particles,23493
free_cholesterol_in_very_small_vldl,Free Cholesterol in Very Small VLDL,lipoprotein_lipids_particles,23521
free_cholesterol_to_total_lipids_in_chylomicrons_and_extremely_large_vldl_percentage,Free Cholesterol to Total Lipids in Chylomicrons and Extremely Large VLDL percentage,lipoprotein_lipids_particles,23582
free_cholesterol_to_total_lipids_in_idl_percentage,Free Cholesterol to Total Lipids in IDL percentage,lipoprotein_lipids_particles,23612
free_cholesterol_to_total_lipids_in_large_hdl_percentage,Free Cholesterol to Total Lipids in Large HDL percentage,lipoprotein_lipids_particles,23637
free_cholesterol_to_total_lipids_in_large_ldl_percentage,Free Cholesterol to Total Lipids in Large LDL percentage,lipoprotein_lipids_particles,23617
free_cholesterol_to_total_lipids_in_large_vldl_percentage,Free Cholesterol to Total Lipids in Large VLDL percentage,lipoprotein_lipids_particles,23592
free_cholesterol_to_total_lipids_in_medium_hdl_percentage,Free Cholesterol to Total Lipids in Medium HDL percentage,lipoprotein_lipids_particles,23642
free_cholesterol_to_total_lipids_in_medium_ldl_percentage,Free Cholesterol to Total Lipids in Medium LDL percentage,lipoprotein_lipids_particles,23622
free_cholesterol_to_total_lipids_in_medium_vldl_percentage,Free Cholesterol to Total Lipids in Medium VLDL percentage,lipoprotein_lipids_particles,23597
free_cholesterol_to_total_lipids_in_small_hdl_percentage,Free Cholesterol to Total Lipids in Small HDL percentage,lipoprotein_lipids_particles,23647
free_cholesterol_to_total_lipids_in_small_ldl_percentage,Free Cholesterol to Total Lipids in Small LDL percentage,lipoprotein_lipids_particles,23627
free_cholesterol_to_total_lipids_in_small_vldl_percentage,Free Cholesterol to Total Lipids in Small VLDL percentage,lipoprotein_lipids_particles,23602
free_cholesterol_to_total_lipids_in_very_large_hdl_percentage,Free Cholesterol to Total Lipids in Very Large HDL percentage,lipoprotein_lipids_particles,23632
free_cholesterol_to_total_lipids_in_very_large_vldl_percentage,Free Cholesterol to Total Lipids in Very Large VLDL percentage,lipoprotein_lipids_particles,23587
free_cholesterol_to_total_lipids_in_very_small_vldl_percentage,Free Cholesterol to Total Lipids in Very Small VLDL percentage,lipoprotein_lipids_particles,23607
glucose,Glucose,glycolysis_energy,23470
glucose_lactate,Glucose-lactate,glycolysis_energy,20280
glutamine,Glutamine,amino_acids,23461
glycine,Glycine,amino_acids,23462
glycoprotein_acetyls,Glycoprotein Acetyls,other_or_unclassified,23480
hdl_cholesterol,HDL Cholesterol,lipoprotein_lipids_particles,23406
histidine,Histidine,amino_acids,23463
isoleucine,Isoleucine,amino_acids,23465
ldl_cholesterol,LDL Cholesterol,lipoprotein_lipids_particles,23405
lactate,Lactate,glycolysis_energy,23471
leucine,Leucine,amino_acids,23466
linoleic_acid,Linoleic Acid,fatty_acids,23449
linoleic_acid_to_total_fatty_acids_percentage,Linoleic Acid to Total Fatty Acids percentage,fatty_acids,23456
monounsaturated_fatty_acids,Monounsaturated Fatty Acids,fatty_acids,23447
monounsaturated_fatty_acids_to_total_fatty_acids_percentage,Monounsaturated Fatty Acids to Total Fatty Acids percentage,fatty_acids,23454
omega_3_fatty_acids,Omega-3 Fatty Acids,fatty_acids,23444
omega_3_fatty_acids_to_total_fatty_acids_percentage,Omega-3 Fatty Acids to Total Fatty Acids percentage,fatty_acids,23451
omega_6_fatty_acids,Omega-6 Fatty Acids,fatty_acids,23445
omega_6_fatty_acids_to_omega_3_fatty_acids_ratio,Omega-6 Fatty Acids to Omega-3 Fatty Acids ratio,fatty_acids,23459
omega_6_fatty_acids_to_total_fatty_acids_percentage,Omega-6 Fatty Acids to Total Fatty Acids percentage,fatty_acids,23452
phenylalanine,Phenylalanine,amino_acids,23468
phosphatidylcholines,Phosphatidylcholines,other_or_unclassified,23437
phosphoglycerides,Phosphoglycerides,other_or_unclassified,23434
phospholipids_in_chylomicrons_and_extremely_large_vldl,Phospholipids in Chylomicrons and Extremely Large VLDL,lipoprotein_lipids_particles,23483
phospholipids_in_hdl,Phospholipids in HDL,lipoprotein_lipids_particles,23414
phospholipids_in_idl,Phospholipids in IDL,lipoprotein_lipids_particles,23525
phospholipids_in_ldl,Phospholipids in LDL,lipoprotein_lipids_particles,23413
phospholipids_in_large_hdl,Phospholipids in Large HDL,lipoprotein_lipids_particles,23560
phospholipids_in_large_ldl,Phospholipids in Large LDL,lipoprotein_lipids_particles,23532
phospholipids_in_large_vldl,Phospholipids in Large VLDL,lipoprotein_lipids_particles,23497
phospholipids_in_medium_hdl,Phospholipids in Medium HDL,lipoprotein_lipids_particles,23567
phospholipids_in_medium_ldl,Phospholipids in Medium LDL,lipoprotein_lipids_particles,23539
phospholipids_in_medium_vldl,Phospholipids in Medium VLDL,lipoprotein_lipids_particles,23504
phospholipids_in_small_hdl,Phospholipids in Small HDL,lipoprotein_lipids_particles,23574
phospholipids_in_small_ldl,Phospholipids in Small LDL,lipoprotein_lipids_particles,23546
phospholipids_in_small_vldl,Phospholipids in Small VLDL,lipoprotein_lipids_particles,23511
phospholipids_in_vldl,Phospholipids in VLDL,lipoprotein_lipids_particles,23412
phospholipids_in_very_large_hdl,Phospholipids in Very Large HDL,lipoprotein_lipids_particles,23553
phospholipids_in_very_large_vldl,Phospholipids in Very Large VLDL,lipoprotein_lipids_particles,23490
phospholipids_in_very_small_vldl,Phospholipids in Very Small VLDL,lipoprotein_lipids_particles,23518
phospholipids_to_total_lipids_in_chylomicrons_and_extremely_large_vldl_percentage,Phospholipids to Total Lipids in Chylomicrons and Extremely Large VLDL percentage,lipoprotein_lipids_particles,23579
phospholipids_to_total_lipids_in_idl_percentage,Phospholipids to Total Lipids in IDL percentage,lipoprotein_lipids_particles,23609
phospholipids_to_total_lipids_in_large_hdl_percentage,Phospholipids to Total Lipids in Large HDL percentage,lipoprotein_lipids_particles,23634
phospholipids_to_total_lipids_in_large_ldl_percentage,Phospholipids to Total Lipids in Large LDL percentage,lipoprotein_lipids_particles,23614
phospholipids_to_total_lipids_in_large_vldl_percentage,Phospholipids to Total Lipids in Large VLDL percentage,lipoprotein_lipids_particles,23589
phospholipids_to_total_lipids_in_medium_hdl_percentage,Phospholipids to Total Lipids in Medium HDL percentage,lipoprotein_lipids_particles,23639
phospholipids_to_total_lipids_in_medium_ldl_percentage,Phospholipids to Total Lipids in Medium LDL percentage,lipoprotein_lipids_particles,23619
phospholipids_to_total_lipids_in_medium_vldl_percentage,Phospholipids to Total Lipids in Medium VLDL percentage,lipoprotein_lipids_particles,23594
phospholipids_to_total_lipids_in_small_hdl_percentage,Phospholipids to Total Lipids in Small HDL percentage,lipoprotein_lipids_particles,23644
phospholipids_to_total_lipids_in_small_ldl_percentage,Phospholipids to Total Lipids in Small LDL percentage,lipoprotein_lipids_particles,23624
phospholipids_to_total_lipids_in_small_vldl_percentage,Phospholipids to Total Lipids in Small VLDL percentage,lipoprotein_lipids_particles,23599
phospholipids_to_total_lipids_in_very_large_hdl_percentage,Phospholipids to Total Lipids in Very Large HDL percentage,lipoprotein_lipids_particles,23629
phospholipids_to_total_lipids_in_very_large_vldl_percentage,Phospholipids to Total Lipids in Very Large VLDL percentage,lipoprotein_lipids_particles,23584
phospholipids_to_total_lipids_in_very_small_vldl_percentage,Phospholipids to Total Lipids in Very Small VLDL percentage,lipoprotein_lipids_particles,23604
polyunsaturated_fatty_acids,Polyunsaturated Fatty Acids,fatty_acids,23446
polyunsaturated_fatty_acids_to_monounsaturated_fatty_acids_ratio,Polyunsaturated Fatty Acids to Monounsaturated Fatty Acids ratio,fatty_acids,23458
polyunsaturated_fatty_acids_to_total_fatty_acids_percentage,Polyunsaturated Fatty Acids to Total Fatty Acids percentage,fatty_acids,23453
pyruvate,Pyruvate,glycolysis_energy,23472
remnant_cholesterol_non_hdl_non_ldl_cholesterol,"Remnant Cholesterol (Non-HDL, Non-LDL -Cholesterol)",lipoprotein_lipids_particles,23402
saturated_fatty_acids,Saturated Fatty Acids,fatty_acids,23448
saturated_fatty_acids_to_total_fatty_acids_percentage,Saturated Fatty Acids to Total Fatty Acids percentage,fatty_acids,23455
spectrometer_corrected_alanine,Spectrometer-corrected alanine,amino_acids,20281
sphingomyelins,Sphingomyelins,other_or_unclassified,23438
total_cholesterol,Total Cholesterol,lipids_other,23400
total_cholesterol_minus_hdl_c,Total Cholesterol Minus HDL-C,lipoprotein_lipids_particles,23401
total_cholines,Total Cholines,other_or_unclassified,23436
total_concentration_of_branched_chain_amino_acids_leucine_isoleucine_valine,Total Concentration of Branched-Chain Amino Acids (Leucine + Isoleucine + Valine),amino_acids,23464
total_concentration_of_lipoprotein_particles,Total Concentration of Lipoprotein Particles,lipoprotein_lipids_particles,23427
total_esterified_cholesterol,Total Esterified Cholesterol,lipids_other,23415
total_fatty_acids,Total Fatty Acids,fatty_acids,23442
total_free_cholesterol,Total Free Cholesterol,lipids_other,23419
total_lipids_in_chylomicrons_and_extremely_large_vldl,Total Lipids in Chylomicrons and Extremely Large VLDL,lipoprotein_lipids_particles,23482
total_lipids_in_hdl,Total Lipids in HDL,lipoprotein_lipids_particles,23426
total_lipids_in_idl,Total Lipids in IDL,lipoprotein_lipids_particles,23524
total_lipids_in_ldl,Total Lipids in LDL,lipoprotein_lipids_particles,23425
total_lipids_in_large_hdl,Total Lipids in Large HDL,lipoprotein_lipids_particles,23559
total_lipids_in_large_ldl,Total Lipids in Large LDL,lipoprotein_lipids_particles,23531
total_lipids_in_large_vldl,Total Lipids in Large VLDL,lipoprotein_lipids_particles,23496
total_lipids_in_lipoprotein_particles,Total Lipids in Lipoprotein Particles,lipoprotein_lipids_particles,23423
total_lipids_in_medium_hdl,Total Lipids in Medium HDL,lipoprotein_lipids_particles,23566
total_lipids_in_medium_ldl,Total Lipids in Medium LDL,lipoprotein_lipids_particles,23538
total_lipids_in_medium_vldl,Total Lipids in Medium VLDL,lipoprotein_lipids_particles,23503
total_lipids_in_small_hdl,Total Lipids in Small HDL,lipoprotein_lipids_particles,23573
total_lipids_in_small_ldl,Total Lipids in Small LDL,lipoprotein_lipids_particles,23545
total_lipids_in_small_vldl,Total Lipids in Small VLDL,lipoprotein_lipids_particles,23510
total_lipids_in_vldl,Total Lipids in VLDL,lipoprotein_lipids_particles,23424
total_lipids_in_very_large_hdl,Total Lipids in Very Large HDL,lipoprotein_lipids_particles,23552
total_lipids_in_very_large_vldl,Total Lipids in Very Large VLDL,lipoprotein_lipids_particles,23489
total_lipids_in_very_small_vldl,Total Lipids in Very Small VLDL,lipoprotein_lipids_particles,23517
total_phospholipids_in_lipoprotein_particles,Total Phospholipids in Lipoprotein Particles,lipoprotein_lipids_particles,23411
total_triglycerides,Total Triglycerides,lipids_other,23407
triglycerides_in_chylomicrons_and_extremely_large_vldl,Triglycerides in Chylomicrons and Extremely Large VLDL,lipoprotein_lipids_particles,23487
triglycerides_in_hdl,Triglycerides in HDL,lipoprotein_lipids_particles,23410
triglycerides_in_idl,Triglycerides in IDL,lipoprotein_lipids_particles,23529
triglycerides_in_ldl,Triglycerides in LDL,lipoprotein_lipids_particles,23409
triglycerides_in_large_hdl,Triglycerides in Large HDL,lipoprotein_lipids_particles,23564
triglycerides_in_large_ldl,Triglycerides in Large LDL,lipoprotein_lipids_particles,23536
triglycerides_in_large_vldl,Triglycerides in Large VLDL,lipoprotein_lipids_particles,23501
triglycerides_in_medium_hdl,Triglycerides in Medium HDL,lipoprotein_lipids_particles,23571
triglycerides_in_medium_ldl,Triglycerides in Medium LDL,lipoprotein_lipids_particles,23543
triglycerides_in_medium_vldl,Triglycerides in Medium VLDL,lipoprotein_lipids_particles,23508
triglycerides_in_small_hdl,Triglycerides in Small HDL,lipoprotein_lipids_particles,23578
triglycerides_in_small_ldl,Triglycerides in Small LDL,lipoprotein_lipids_particles,23550
triglycerides_in_small_vldl,Triglycerides in Small VLDL,lipoprotein_lipids_particles,23515
triglycerides_in_vldl,Triglycerides in VLDL,lipoprotein_lipids_particles,23408
triglycerides_in_very_large_hdl,Triglycerides in Very Large HDL,lipoprotein_lipids_particles,23557
triglycerides_in_very_large_vldl,Triglycerides in Very Large VLDL,lipoprotein_lipids_particles,23494
triglycerides_in_very_small_vldl,Triglycerides in Very Small VLDL,lipoprotein_lipids_particles,23522
triglycerides_to_phosphoglycerides_ratio,Triglycerides to Phosphoglycerides ratio,lipids_other,23435
triglycerides_to_total_lipids_in_chylomicrons_and_extremely_large_vldl_percentage,Triglycerides to Total Lipids in Chylomicrons and Extremely Large VLDL percentage,lipoprotein_lipids_particles,23583
triglycerides_to_total_lipids_in_idl_percentage,Triglycerides to Total Lipids in IDL percentage,lipoprotein_lipids_particles,23613
triglycerides_to_total_lipids_in_large_hdl_percentage,Triglycerides to Total Lipids in Large HDL percentage,lipoprotein_lipids_particles,23638
triglycerides_to_total_lipids_in_large_ldl_percentage,Triglycerides to Total Lipids in Large LDL percentage,lipoprotein_lipids_particles,23618
triglycerides_to_total_lipids_in_large_vldl_percentage,Triglycerides to Total Lipids in Large VLDL percentage,lipoprotein_lipids_particles,23593
triglycerides_to_total_lipids_in_medium_hdl_percentage,Triglycerides to Total Lipids in Medium HDL percentage,lipoprotein_lipids_particles,23643
triglycerides_to_total_lipids_in_medium_ldl_percentage,Triglycerides to Total Lipids in Medium LDL percentage,lipoprotein_lipids_particles,23623
triglycerides_to_total_lipids_in_medium_vldl_percentage,Triglycerides to Total Lipids in Medium VLDL percentage,lipoprotein_lipids_particles,23598
triglycerides_to_total_lipids_in_small_hdl_percentage,Triglycerides to Total Lipids in Small HDL percentage,lipoprotein_lipids_particles,23648
triglycerides_to_total_lipids_in_small_ldl_percentage,Triglycerides to Total Lipids in Small LDL percentage,lipoprotein_lipids_particles,23628
triglycerides_to_total_lipids_in_small_vldl_percentage,Triglycerides to Total Lipids in Small VLDL percentage,lipoprotein_lipids_particles,23603
triglycerides_to_total_lipids_in_very_large_hdl_percentage,Triglycerides to Total Lipids in Very Large HDL percentage,lipoprotein_lipids_particles,23633
triglycerides_to_total_lipids_in_very_large_vldl_percentage,Triglycerides to Total Lipids in Very Large VLDL percentage,lipoprotein_lipids_particles,23588
triglycerides_to_total_lipids_in_very_small_vldl_percentage,Triglycerides to Total Lipids in Very Small VLDL percentage,lipoprotein_lipids_particles,23608
tyrosine,Tyrosine,amino_acids,23469
vldl_cholesterol,VLDL Cholesterol,lipoprotein_lipids_particles,23403
valine,Valine,amino_acids,23467
