column,definition
participant_id,Unique approved-researcher participant identifier; never publish values
age,Baseline age in years
sex,"Baseline recorded sex; 0 female, 1 male"
bmi,Baseline BMI
townsend,Townsend deprivation index
smoking,"Numeric 0/1/2; 0 reference (never), 1 previous, 2 current; missing excluded"
alcohol,Numeric 1/2/3; category 1 reference; two indicator terms for 2 and 3; missing excluded
repeat_interval,Years between baseline and repeat NMR; missing if no repeat
chip_any,"Curated CHIP indicator, 0/1"
chip_large10,"Maximum VAF >=0.10 indicator, 0/1"
DNMT3A,Curated presence indicator; compare carriers of this gene/group with no-CHIP participants; gene/group indicators may overlap
TET2,Curated presence indicator; compare carriers of this gene/group with no-CHIP participants; gene/group indicators may overlap
ASXL1,Curated presence indicator; compare carriers of this gene/group with no-CHIP participants; gene/group indicators may overlap
JAK2,Curated presence indicator; compare carriers of this gene/group with no-CHIP participants; gene/group indicators may overlap
chip_DDR,Curated presence indicator; compare carriers of this gene/group with no-CHIP participants; gene/group indicators may overlap
chip_spliceosome,Curated presence indicator; compare carriers of this gene/group with no-CHIP participants; gene/group indicators may overlap
pc1,Genetic principal component
pc2,Genetic principal component
pc3,Genetic principal component
pc4,Genetic principal component
pc5,Genetic principal component
pc6,Genetic principal component
pc7,Genetic principal component
pc8,Genetic principal component
pc9,Genetic principal component
pc10,Genetic principal component
prevalent_cvd,"1 if CHD, stroke or HF present before baseline NMR, otherwise 0; excludes AF; linked first-occurrence definitions in outcome_definitions.csv"
prevalent_diabetes,Clinical sensitivity covariate; binary 0/1 except eGFR
prevalent_cancer,Clinical sensitivity covariate; binary 0/1 except eGFR
lipid_lowering,Clinical sensitivity covariate; binary 0/1 except eGFR
antihypertensive,Clinical sensitivity covariate; binary 0/1 except eGFR
egfr,Clinical sensitivity covariate; binary 0/1 except eGFR
CHD__baseline_status,0 no incident event; 1 incident event; 99 prevalent condition excluded
CHD__baseline_time,Follow-up in years from the named assessment
CHD__repeat_status,0 no incident event; 1 incident event; 99 prevalent condition excluded
CHD__repeat_time,Follow-up in years from the named assessment
stroke__baseline_status,0 no incident event; 1 incident event; 99 prevalent condition excluded
stroke__baseline_time,Follow-up in years from the named assessment
stroke__repeat_status,0 no incident event; 1 incident event; 99 prevalent condition excluded
stroke__repeat_time,Follow-up in years from the named assessment
HF__baseline_status,0 no incident event; 1 incident event; 99 prevalent condition excluded
HF__baseline_time,Follow-up in years from the named assessment
HF__repeat_status,0 no incident event; 1 incident event; 99 prevalent condition excluded
HF__repeat_time,Follow-up in years from the named assessment
AF__baseline_status,0 no incident event; 1 incident event; 99 prevalent condition excluded
AF__baseline_time,Follow-up in years from the named assessment
AF__repeat_status,0 no incident event; 1 incident event; 99 prevalent condition excluded
AF__repeat_time,Follow-up in years from the named assessment
CVD_mortality__baseline_status,0 no incident event; 1 incident event; 99 prevalent condition excluded
CVD_mortality__baseline_time,Follow-up in years from the named assessment
CVD_mortality__repeat_status,0 no incident event; 1 incident event; 99 prevalent condition excluded
CVD_mortality__repeat_time,Follow-up in years from the named assessment
baseline__3_hydroxybutyrate,Raw NMR parameter; metadata supplies field ID and name
baseline__acetate,Raw NMR parameter; metadata supplies field ID and name
baseline__acetoacetate,Raw NMR parameter; metadata supplies field ID and name
baseline__acetone,Raw NMR parameter; metadata supplies field ID and name
baseline__alanine,Raw NMR parameter; metadata supplies field ID and name
baseline__albumin,Raw NMR parameter; metadata supplies field ID and name
baseline__apolipoprotein_a1,Raw NMR parameter; metadata supplies field ID and name
baseline__apolipoprotein_b,Raw NMR parameter; metadata supplies field ID and name
baseline__apolipoprotein_b_to_apolipoprotein_a1_ratio,Raw NMR parameter; metadata supplies field ID and name
baseline__average_diameter_for_hdl_particles,Raw NMR parameter; metadata supplies field ID and name
baseline__average_diameter_for_ldl_particles,Raw NMR parameter; metadata supplies field ID and name
baseline__average_diameter_for_vldl_particles,Raw NMR parameter; metadata supplies field ID and name
baseline__cholesterol_in_chylomicrons_and_extremely_large_vldl,Raw NMR parameter; metadata supplies field ID and name
baseline__cholesterol_in_idl,Raw NMR parameter; metadata supplies field ID and name
baseline__cholesterol_in_large_hdl,Raw NMR parameter; metadata supplies field ID and name
baseline__cholesterol_in_large_ldl,Raw NMR parameter; metadata supplies field ID and name
baseline__cholesterol_in_large_vldl,Raw NMR parameter; metadata supplies field ID and name
baseline__cholesterol_in_medium_hdl,Raw NMR parameter; metadata supplies field ID and name
baseline__cholesterol_in_medium_ldl,Raw NMR parameter; metadata supplies field ID and name
baseline__cholesterol_in_medium_vldl,Raw NMR parameter; metadata supplies field ID and name
baseline__cholesterol_in_small_hdl,Raw NMR parameter; metadata supplies field ID and name
baseline__cholesterol_in_small_ldl,Raw NMR parameter; metadata supplies field ID and name
baseline__cholesterol_in_small_vldl,Raw NMR parameter; metadata supplies field ID and name
baseline__cholesterol_in_very_large_hdl,Raw NMR parameter; metadata supplies field ID and name
baseline__cholesterol_in_very_large_vldl,Raw NMR parameter; metadata supplies field ID and name
baseline__cholesterol_in_very_small_vldl,Raw NMR parameter; metadata supplies field ID and name
baseline__cholesterol_to_total_lipids_in_chylomicrons_and_extremely_large_vldl_percentage,Raw NMR parameter; metadata supplies field ID and name
baseline__cholesterol_to_total_lipids_in_idl_percentage,Raw NMR parameter; metadata supplies field ID and name
baseline__cholesterol_to_total_lipids_in_large_hdl_percentage,Raw NMR parameter; metadata supplies field ID and name
baseline__cholesterol_to_total_lipids_in_large_ldl_percentage,Raw NMR parameter; metadata supplies field ID and name
baseline__cholesterol_to_total_lipids_in_large_vldl_percentage,Raw NMR parameter; metadata supplies field ID and name
baseline__cholesterol_to_total_lipids_in_medium_hdl_percentage,Raw NMR parameter; metadata supplies field ID and name
baseline__cholesterol_to_total_lipids_in_medium_ldl_percentage,Raw NMR parameter; metadata supplies field ID and name
baseline__cholesterol_to_total_lipids_in_medium_vldl_percentage,Raw NMR parameter; metadata supplies field ID and name
baseline__cholesterol_to_total_lipids_in_small_hdl_percentage,Raw NMR parameter; metadata supplies field ID and name
baseline__cholesterol_to_total_lipids_in_small_ldl_percentage,Raw NMR parameter; metadata supplies field ID and name
baseline__cholesterol_to_total_lipids_in_small_vldl_percentage,Raw NMR parameter; metadata supplies field ID and name
baseline__cholesterol_to_total_lipids_in_very_large_hdl_percentage,Raw NMR parameter; metadata supplies field ID and name
baseline__cholesterol_to_total_lipids_in_very_large_vldl_percentage,Raw NMR parameter; metadata supplies field ID and name
baseline__cholesterol_to_total_lipids_in_very_small_vldl_percentage,Raw NMR parameter; metadata supplies field ID and name
baseline__cholesteryl_esters_in_chylomicrons_and_extremely_large_vldl,Raw NMR parameter; metadata supplies field ID and name
baseline__cholesteryl_esters_in_hdl,Raw NMR parameter; metadata supplies field ID and name
baseline__cholesteryl_esters_in_idl,Raw NMR parameter; metadata supplies field ID and name
baseline__cholesteryl_esters_in_ldl,Raw NMR parameter; metadata supplies field ID and name
baseline__cholesteryl_esters_in_large_hdl,Raw NMR parameter; metadata supplies field ID and name
baseline__cholesteryl_esters_in_large_ldl,Raw NMR parameter; metadata supplies field ID and name
baseline__cholesteryl_esters_in_large_vldl,Raw NMR parameter; metadata supplies field ID and name
baseline__cholesteryl_esters_in_medium_hdl,Raw NMR parameter; metadata supplies field ID and name
baseline__cholesteryl_esters_in_medium_ldl,Raw NMR parameter; metadata supplies field ID and name
baseline__cholesteryl_esters_in_medium_vldl,Raw NMR parameter; metadata supplies field ID and name
baseline__cholesteryl_esters_in_small_hdl,Raw NMR parameter; metadata supplies field ID and name
baseline__cholesteryl_esters_in_small_ldl,Raw NMR parameter; metadata supplies field ID and name
baseline__cholesteryl_esters_in_small_vldl,Raw NMR parameter; metadata supplies field ID and name
baseline__cholesteryl_esters_in_vldl,Raw NMR parameter; metadata supplies field ID and name
baseline__cholesteryl_esters_in_very_large_hdl,Raw NMR parameter; metadata supplies field ID and name
baseline__cholesteryl_esters_in_very_large_vldl,Raw NMR parameter; metadata supplies field ID and name
baseline__cholesteryl_esters_in_very_small_vldl,Raw NMR parameter; metadata supplies field ID and name
baseline__cholesteryl_esters_to_total_lipids_in_chylomicrons_and_extremely_large_vldl_percentage,Raw NMR parameter; metadata supplies field ID and name
baseline__cholesteryl_esters_to_total_lipids_in_idl_percentage,Raw NMR parameter; metadata supplies field ID and name
baseline__cholesteryl_esters_to_total_lipids_in_large_hdl_percentage,Raw NMR parameter; metadata supplies field ID and name
baseline__cholesteryl_esters_to_total_lipids_in_large_ldl_percentage,Raw NMR parameter; metadata supplies field ID and name
baseline__cholesteryl_esters_to_total_lipids_in_large_vldl_percentage,Raw NMR parameter; metadata supplies field ID and name
baseline__cholesteryl_esters_to_total_lipids_in_medium_hdl_percentage,Raw NMR parameter; metadata supplies field ID and name
baseline__cholesteryl_esters_to_total_lipids_in_medium_ldl_percentage,Raw NMR parameter; metadata supplies field ID and name
baseline__cholesteryl_esters_to_total_lipids_in_medium_vldl_percentage,Raw NMR parameter; metadata supplies field ID and name
baseline__cholesteryl_esters_to_total_lipids_in_small_hdl_percentage,Raw NMR parameter; metadata supplies field ID and name
baseline__cholesteryl_esters_to_total_lipids_in_small_ldl_percentage,Raw NMR parameter; metadata supplies field ID and name
baseline__cholesteryl_esters_to_total_lipids_in_small_vldl_percentage,Raw NMR parameter; metadata supplies field ID and name
baseline__cholesteryl_esters_to_total_lipids_in_very_large_hdl_percentage,Raw NMR parameter; metadata supplies field ID and name
baseline__cholesteryl_esters_to_total_lipids_in_very_large_vldl_percentage,Raw NMR parameter; metadata supplies field ID and name
baseline__cholesteryl_esters_to_total_lipids_in_very_small_vldl_percentage,Raw NMR parameter; metadata supplies field ID and name
baseline__citrate,Raw NMR parameter; metadata supplies field ID and name
baseline__clinical_ldl_cholesterol,Raw NMR parameter; metadata supplies field ID and name
baseline__concentration_of_chylomicrons_and_extremely_large_vldl_particles,Raw NMR parameter; metadata supplies field ID and name
baseline__concentration_of_hdl_particles,Raw NMR parameter; metadata supplies field ID and name
baseline__concentration_of_idl_particles,Raw NMR parameter; metadata supplies field ID and name
baseline__concentration_of_ldl_particles,Raw NMR parameter; metadata supplies field ID and name
baseline__concentration_of_large_hdl_particles,Raw NMR parameter; metadata supplies field ID and name
baseline__concentration_of_large_ldl_particles,Raw NMR parameter; metadata supplies field ID and name
baseline__concentration_of_large_vldl_particles,Raw NMR parameter; metadata supplies field ID and name
baseline__concentration_of_medium_hdl_particles,Raw NMR parameter; metadata supplies field ID and name
baseline__concentration_of_medium_ldl_particles,Raw NMR parameter; metadata supplies field ID and name
baseline__concentration_of_medium_vldl_particles,Raw NMR parameter; metadata supplies field ID and name
baseline__concentration_of_small_hdl_particles,Raw NMR parameter; metadata supplies field ID and name
baseline__concentration_of_small_ldl_particles,Raw NMR parameter; metadata supplies field ID and name
baseline__concentration_of_small_vldl_particles,Raw NMR parameter; metadata supplies field ID and name
baseline__concentration_of_vldl_particles,Raw NMR parameter; metadata supplies field ID and name
baseline__concentration_of_very_large_hdl_particles,Raw NMR parameter; metadata supplies field ID and name
baseline__concentration_of_very_large_vldl_particles,Raw NMR parameter; metadata supplies field ID and name
baseline__concentration_of_very_small_vldl_particles,Raw NMR parameter; metadata supplies field ID and name
baseline__creatinine,Raw NMR parameter; metadata supplies field ID and name
baseline__degree_of_unsaturation,Raw NMR parameter; metadata supplies field ID and name
baseline__docosahexaenoic_acid,Raw NMR parameter; metadata supplies field ID and name
baseline__docosahexaenoic_acid_to_total_fatty_acids_percentage,Raw NMR parameter; metadata supplies field ID and name
baseline__free_cholesterol_in_chylomicrons_and_extremely_large_vldl,Raw NMR parameter; metadata supplies field ID and name
baseline__free_cholesterol_in_hdl,Raw NMR parameter; metadata supplies field ID and name
baseline__free_cholesterol_in_idl,Raw NMR parameter; metadata supplies field ID and name
baseline__free_cholesterol_in_ldl,Raw NMR parameter; metadata supplies field ID and name
baseline__free_cholesterol_in_large_hdl,Raw NMR parameter; metadata supplies field ID and name
baseline__free_cholesterol_in_large_ldl,Raw NMR parameter; metadata supplies field ID and name
baseline__free_cholesterol_in_large_vldl,Raw NMR parameter; metadata supplies field ID and name
baseline__free_cholesterol_in_medium_hdl,Raw NMR parameter; metadata supplies field ID and name
baseline__free_cholesterol_in_medium_ldl,Raw NMR parameter; metadata supplies field ID and name
baseline__free_cholesterol_in_medium_vldl,Raw NMR parameter; metadata supplies field ID and name
baseline__free_cholesterol_in_small_hdl,Raw NMR parameter; metadata supplies field ID and name
baseline__free_cholesterol_in_small_ldl,Raw NMR parameter; metadata supplies field ID and name
baseline__free_cholesterol_in_small_vldl,Raw NMR parameter; metadata supplies field ID and name
baseline__free_cholesterol_in_vldl,Raw NMR parameter; metadata supplies field ID and name
baseline__free_cholesterol_in_very_large_hdl,Raw NMR parameter; metadata supplies field ID and name
baseline__free_cholesterol_in_very_large_vldl,Raw NMR parameter; metadata supplies field ID and name
baseline__free_cholesterol_in_very_small_vldl,Raw NMR parameter; metadata supplies field ID and name
baseline__free_cholesterol_to_total_lipids_in_chylomicrons_and_extremely_large_vldl_percentage,Raw NMR parameter; metadata supplies field ID and name
baseline__free_cholesterol_to_total_lipids_in_idl_percentage,Raw NMR parameter; metadata supplies field ID and name
baseline__free_cholesterol_to_total_lipids_in_large_hdl_percentage,Raw NMR parameter; metadata supplies field ID and name
baseline__free_cholesterol_to_total_lipids_in_large_ldl_percentage,Raw NMR parameter; metadata supplies field ID and name
baseline__free_cholesterol_to_total_lipids_in_large_vldl_percentage,Raw NMR parameter; metadata supplies field ID and name
baseline__free_cholesterol_to_total_lipids_in_medium_hdl_percentage,Raw NMR parameter; metadata supplies field ID and name
baseline__free_cholesterol_to_total_lipids_in_medium_ldl_percentage,Raw NMR parameter; metadata supplies field ID and name
baseline__free_cholesterol_to_total_lipids_in_medium_vldl_percentage,Raw NMR parameter; metadata supplies field ID and name
baseline__free_cholesterol_to_total_lipids_in_small_hdl_percentage,Raw NMR parameter; metadata supplies field ID and name
baseline__free_cholesterol_to_total_lipids_in_small_ldl_percentage,Raw NMR parameter; metadata supplies field ID and name
baseline__free_cholesterol_to_total_lipids_in_small_vldl_percentage,Raw NMR parameter; metadata supplies field ID and name
baseline__free_cholesterol_to_total_lipids_in_very_large_hdl_percentage,Raw NMR parameter; metadata supplies field ID and name
baseline__free_cholesterol_to_total_lipids_in_very_large_vldl_percentage,Raw NMR parameter; metadata supplies field ID and name
baseline__free_cholesterol_to_total_lipids_in_very_small_vldl_percentage,Raw NMR parameter; metadata supplies field ID and name
baseline__glucose,Raw NMR parameter; metadata supplies field ID and name
baseline__glucose_lactate,Raw NMR parameter; metadata supplies field ID and name
baseline__glutamine,Raw NMR parameter; metadata supplies field ID and name
baseline__glycine,Raw NMR parameter; metadata supplies field ID and name
baseline__glycoprotein_acetyls,Raw NMR parameter; metadata supplies field ID and name
baseline__hdl_cholesterol,Raw NMR parameter; metadata supplies field ID and name
baseline__histidine,Raw NMR parameter; metadata supplies field ID and name
baseline__isoleucine,Raw NMR parameter; metadata supplies field ID and name
baseline__ldl_cholesterol,Raw NMR parameter; metadata supplies field ID and name
baseline__lactate,Raw NMR parameter; metadata supplies field ID and name
baseline__leucine,Raw NMR parameter; metadata supplies field ID and name
baseline__linoleic_acid,Raw NMR parameter; metadata supplies field ID and name
baseline__linoleic_acid_to_total_fatty_acids_percentage,Raw NMR parameter; metadata supplies field ID and name
baseline__monounsaturated_fatty_acids,Raw NMR parameter; metadata supplies field ID and name
baseline__monounsaturated_fatty_acids_to_total_fatty_acids_percentage,Raw NMR parameter; metadata supplies field ID and name
baseline__omega_3_fatty_acids,Raw NMR parameter; metadata supplies field ID and name
baseline__omega_3_fatty_acids_to_total_fatty_acids_percentage,Raw NMR parameter; metadata supplies field ID and name
baseline__omega_6_fatty_acids,Raw NMR parameter; metadata supplies field ID and name
baseline__omega_6_fatty_acids_to_omega_3_fatty_acids_ratio,Raw NMR parameter; metadata supplies field ID and name
baseline__omega_6_fatty_acids_to_total_fatty_acids_percentage,Raw NMR parameter; metadata supplies field ID and name
baseline__phenylalanine,Raw NMR parameter; metadata supplies field ID and name
baseline__phosphatidylcholines,Raw NMR parameter; metadata supplies field ID and name
baseline__phosphoglycerides,Raw NMR parameter; metadata supplies field ID and name
baseline__phospholipids_in_chylomicrons_and_extremely_large_vldl,Raw NMR parameter; metadata supplies field ID and name
baseline__phospholipids_in_hdl,Raw NMR parameter; metadata supplies field ID and name
baseline__phospholipids_in_idl,Raw NMR parameter; metadata supplies field ID and name
baseline__phospholipids_in_ldl,Raw NMR parameter; metadata supplies field ID and name
baseline__phospholipids_in_large_hdl,Raw NMR parameter; metadata supplies field ID and name
baseline__phospholipids_in_large_ldl,Raw NMR parameter; metadata supplies field ID and name
baseline__phospholipids_in_large_vldl,Raw NMR parameter; metadata supplies field ID and name
baseline__phospholipids_in_medium_hdl,Raw NMR parameter; metadata supplies field ID and name
baseline__phospholipids_in_medium_ldl,Raw NMR parameter; metadata supplies field ID and name
baseline__phospholipids_in_medium_vldl,Raw NMR parameter; metadata supplies field ID and name
baseline__phospholipids_in_small_hdl,Raw NMR parameter; metadata supplies field ID and name
baseline__phospholipids_in_small_ldl,Raw NMR parameter; metadata supplies field ID and name
baseline__phospholipids_in_small_vldl,Raw NMR parameter; metadata supplies field ID and name
baseline__phospholipids_in_vldl,Raw NMR parameter; metadata supplies field ID and name
baseline__phospholipids_in_very_large_hdl,Raw NMR parameter; metadata supplies field ID and name
baseline__phospholipids_in_very_large_vldl,Raw NMR parameter; metadata supplies field ID and name
baseline__phospholipids_in_very_small_vldl,Raw NMR parameter; metadata supplies field ID and name
baseline__phospholipids_to_total_lipids_in_chylomicrons_and_extremely_large_vldl_percentage,Raw NMR parameter; metadata supplies field ID and name
baseline__phospholipids_to_total_lipids_in_idl_percentage,Raw NMR parameter; metadata supplies field ID and name
baseline__phospholipids_to_total_lipids_in_large_hdl_percentage,Raw NMR parameter; metadata supplies field ID and name
baseline__phospholipids_to_total_lipids_in_large_ldl_percentage,Raw NMR parameter; metadata supplies field ID and name
baseline__phospholipids_to_total_lipids_in_large_vldl_percentage,Raw NMR parameter; metadata supplies field ID and name
baseline__phospholipids_to_total_lipids_in_medium_hdl_percentage,Raw NMR parameter; metadata supplies field ID and name
baseline__phospholipids_to_total_lipids_in_medium_ldl_percentage,Raw NMR parameter; metadata supplies field ID and name
baseline__phospholipids_to_total_lipids_in_medium_vldl_percentage,Raw NMR parameter; metadata supplies field ID and name
baseline__phospholipids_to_total_lipids_in_small_hdl_percentage,Raw NMR parameter; metadata supplies field ID and name
baseline__phospholipids_to_total_lipids_in_small_ldl_percentage,Raw NMR parameter; metadata supplies field ID and name
baseline__phospholipids_to_total_lipids_in_small_vldl_percentage,Raw NMR parameter; metadata supplies field ID and name
baseline__phospholipids_to_total_lipids_in_very_large_hdl_percentage,Raw NMR parameter; metadata supplies field ID and name
baseline__phospholipids_to_total_lipids_in_very_large_vldl_percentage,Raw NMR parameter; metadata supplies field ID and name
baseline__phospholipids_to_total_lipids_in_very_small_vldl_percentage,Raw NMR parameter; metadata supplies field ID and name
baseline__polyunsaturated_fatty_acids,Raw NMR parameter; metadata supplies field ID and name
baseline__polyunsaturated_fatty_acids_to_monounsaturated_fatty_acids_ratio,Raw NMR parameter; metadata supplies field ID and name
baseline__polyunsaturated_fatty_acids_to_total_fatty_acids_percentage,Raw NMR parameter; metadata supplies field ID and name
baseline__pyruvate,Raw NMR parameter; metadata supplies field ID and name
baseline__remnant_cholesterol_non_hdl_non_ldl_cholesterol,Raw NMR parameter; metadata supplies field ID and name
baseline__saturated_fatty_acids,Raw NMR parameter; metadata supplies field ID and name
baseline__saturated_fatty_acids_to_total_fatty_acids_percentage,Raw NMR parameter; metadata supplies field ID and name
baseline__spectrometer_corrected_alanine,Raw NMR parameter; metadata supplies field ID and name
baseline__sphingomyelins,Raw NMR parameter; metadata supplies field ID and name
baseline__total_cholesterol,Raw NMR parameter; metadata supplies field ID and name
baseline__total_cholesterol_minus_hdl_c,Raw NMR parameter; metadata supplies field ID and name
baseline__total_cholines,Raw NMR parameter; metadata supplies field ID and name
baseline__total_concentration_of_branched_chain_amino_acids_leucine_isoleucine_valine,Raw NMR parameter; metadata supplies field ID and name
baseline__total_concentration_of_lipoprotein_particles,Raw NMR parameter; metadata supplies field ID and name
baseline__total_esterified_cholesterol,Raw NMR parameter; metadata supplies field ID and name
baseline__total_fatty_acids,Raw NMR parameter; metadata supplies field ID and name
baseline__total_free_cholesterol,Raw NMR parameter; metadata supplies field ID and name
baseline__total_lipids_in_chylomicrons_and_extremely_large_vldl,Raw NMR parameter; metadata supplies field ID and name
baseline__total_lipids_in_hdl,Raw NMR parameter; metadata supplies field ID and name
baseline__total_lipids_in_idl,Raw NMR parameter; metadata supplies field ID and name
baseline__total_lipids_in_ldl,Raw NMR parameter; metadata supplies field ID and name
baseline__total_lipids_in_large_hdl,Raw NMR parameter; metadata supplies field ID and name
baseline__total_lipids_in_large_ldl,Raw NMR parameter; metadata supplies field ID and name
baseline__total_lipids_in_large_vldl,Raw NMR parameter; metadata supplies field ID and name
baseline__total_lipids_in_lipoprotein_particles,Raw NMR parameter; metadata supplies field ID and name
baseline__total_lipids_in_medium_hdl,Raw NMR parameter; metadata supplies field ID and name
baseline__total_lipids_in_medium_ldl,Raw NMR parameter; metadata supplies field ID and name
baseline__total_lipids_in_medium_vldl,Raw NMR parameter; metadata supplies field ID and name
baseline__total_lipids_in_small_hdl,Raw NMR parameter; metadata supplies field ID and name
baseline__total_lipids_in_small_ldl,Raw NMR parameter; metadata supplies field ID and name
baseline__total_lipids_in_small_vldl,Raw NMR parameter; metadata supplies field ID and name
baseline__total_lipids_in_vldl,Raw NMR parameter; metadata supplies field ID and name
baseline__total_lipids_in_very_large_hdl,Raw NMR parameter; metadata supplies field ID and name
baseline__total_lipids_in_very_large_vldl,Raw NMR parameter; metadata supplies field ID and name
baseline__total_lipids_in_very_small_vldl,Raw NMR parameter; metadata supplies field ID and name
baseline__total_phospholipids_in_lipoprotein_particles,Raw NMR parameter; metadata supplies field ID and name
baseline__total_triglycerides,Raw NMR parameter; metadata supplies field ID and name
baseline__triglycerides_in_chylomicrons_and_extremely_large_vldl,Raw NMR parameter; metadata supplies field ID and name
baseline__triglycerides_in_hdl,Raw NMR parameter; metadata supplies field ID and name
baseline__triglycerides_in_idl,Raw NMR parameter; metadata supplies field ID and name
baseline__triglycerides_in_ldl,Raw NMR parameter; metadata supplies field ID and name
baseline__triglycerides_in_large_hdl,Raw NMR parameter; metadata supplies field ID and name
baseline__triglycerides_in_large_ldl,Raw NMR parameter; metadata supplies field ID and name
baseline__triglycerides_in_large_vldl,Raw NMR parameter; metadata supplies field ID and name
baseline__triglycerides_in_medium_hdl,Raw NMR parameter; metadata supplies field ID and name
baseline__triglycerides_in_medium_ldl,Raw NMR parameter; metadata supplies field ID and name
baseline__triglycerides_in_medium_vldl,Raw NMR parameter; metadata supplies field ID and name
baseline__triglycerides_in_small_hdl,Raw NMR parameter; metadata supplies field ID and name
baseline__triglycerides_in_small_ldl,Raw NMR parameter; metadata supplies field ID and name
baseline__triglycerides_in_small_vldl,Raw NMR parameter; metadata supplies field ID and name
baseline__triglycerides_in_vldl,Raw NMR parameter; metadata supplies field ID and name
baseline__triglycerides_in_very_large_hdl,Raw NMR parameter; metadata supplies field ID and name
baseline__triglycerides_in_very_large_vldl,Raw NMR parameter; metadata supplies field ID and name
baseline__triglycerides_in_very_small_vldl,Raw NMR parameter; metadata supplies field ID and name
baseline__triglycerides_to_phosphoglycerides_ratio,Raw NMR parameter; metadata supplies field ID and name
baseline__triglycerides_to_total_lipids_in_chylomicrons_and_extremely_large_vldl_percentage,Raw NMR parameter; metadata supplies field ID and name
baseline__triglycerides_to_total_lipids_in_idl_percentage,Raw NMR parameter; metadata supplies field ID and name
baseline__triglycerides_to_total_lipids_in_large_hdl_percentage,Raw NMR parameter; metadata supplies field ID and name
baseline__triglycerides_to_total_lipids_in_large_ldl_percentage,Raw NMR parameter; metadata supplies field ID and name
baseline__triglycerides_to_total_lipids_in_large_vldl_percentage,Raw NMR parameter; metadata supplies field ID and name
baseline__triglycerides_to_total_lipids_in_medium_hdl_percentage,Raw NMR parameter; metadata supplies field ID and name
baseline__triglycerides_to_total_lipids_in_medium_ldl_percentage,Raw NMR parameter; metadata supplies field ID and name
baseline__triglycerides_to_total_lipids_in_medium_vldl_percentage,Raw NMR parameter; metadata supplies field ID and name
baseline__triglycerides_to_total_lipids_in_small_hdl_percentage,Raw NMR parameter; metadata supplies field ID and name
baseline__triglycerides_to_total_lipids_in_small_ldl_percentage,Raw NMR parameter; metadata supplies field ID and name
baseline__triglycerides_to_total_lipids_in_small_vldl_percentage,Raw NMR parameter; metadata supplies field ID and name
baseline__triglycerides_to_total_lipids_in_very_large_hdl_percentage,Raw NMR parameter; metadata supplies field ID and name
baseline__triglycerides_to_total_lipids_in_very_large_vldl_percentage,Raw NMR parameter; metadata supplies field ID and name
baseline__triglycerides_to_total_lipids_in_very_small_vldl_percentage,Raw NMR parameter; metadata supplies field ID and name
baseline__tyrosine,Raw NMR parameter; metadata supplies field ID and name
baseline__vldl_cholesterol,Raw NMR parameter; metadata supplies field ID and name
baseline__valine,Raw NMR parameter; metadata supplies field ID and name
repeat__3_hydroxybutyrate,Raw NMR parameter; metadata supplies field ID and name
repeat__acetate,Raw NMR parameter; metadata supplies field ID and name
repeat__acetoacetate,Raw NMR parameter; metadata supplies field ID and name
repeat__acetone,Raw NMR parameter; metadata supplies field ID and name
repeat__alanine,Raw NMR parameter; metadata supplies field ID and name
repeat__albumin,Raw NMR parameter; metadata supplies field ID and name
repeat__apolipoprotein_a1,Raw NMR parameter; metadata supplies field ID and name
repeat__apolipoprotein_b,Raw NMR parameter; metadata supplies field ID and name
repeat__apolipoprotein_b_to_apolipoprotein_a1_ratio,Raw NMR parameter; metadata supplies field ID and name
repeat__average_diameter_for_hdl_particles,Raw NMR parameter; metadata supplies field ID and name
repeat__average_diameter_for_ldl_particles,Raw NMR parameter; metadata supplies field ID and name
repeat__average_diameter_for_vldl_particles,Raw NMR parameter; metadata supplies field ID and name
repeat__cholesterol_in_chylomicrons_and_extremely_large_vldl,Raw NMR parameter; metadata supplies field ID and name
repeat__cholesterol_in_idl,Raw NMR parameter; metadata supplies field ID and name
repeat__cholesterol_in_large_hdl,Raw NMR parameter; metadata supplies field ID and name
repeat__cholesterol_in_large_ldl,Raw NMR parameter; metadata supplies field ID and name
repeat__cholesterol_in_large_vldl,Raw NMR parameter; metadata supplies field ID and name
repeat__cholesterol_in_medium_hdl,Raw NMR parameter; metadata supplies field ID and name
repeat__cholesterol_in_medium_ldl,Raw NMR parameter; metadata supplies field ID and name
repeat__cholesterol_in_medium_vldl,Raw NMR parameter; metadata supplies field ID and name
repeat__cholesterol_in_small_hdl,Raw NMR parameter; metadata supplies field ID and name
repeat__cholesterol_in_small_ldl,Raw NMR parameter; metadata supplies field ID and name
repeat__cholesterol_in_small_vldl,Raw NMR parameter; metadata supplies field ID and name
repeat__cholesterol_in_very_large_hdl,Raw NMR parameter; metadata supplies field ID and name
repeat__cholesterol_in_very_large_vldl,Raw NMR parameter; metadata supplies field ID and name
repeat__cholesterol_in_very_small_vldl,Raw NMR parameter; metadata supplies field ID and name
repeat__cholesterol_to_total_lipids_in_chylomicrons_and_extremely_large_vldl_percentage,Raw NMR parameter; metadata supplies field ID and name
repeat__cholesterol_to_total_lipids_in_idl_percentage,Raw NMR parameter; metadata supplies field ID and name
repeat__cholesterol_to_total_lipids_in_large_hdl_percentage,Raw NMR parameter; metadata supplies field ID and name
repeat__cholesterol_to_total_lipids_in_large_ldl_percentage,Raw NMR parameter; metadata supplies field ID and name
repeat__cholesterol_to_total_lipids_in_large_vldl_percentage,Raw NMR parameter; metadata supplies field ID and name
repeat__cholesterol_to_total_lipids_in_medium_hdl_percentage,Raw NMR parameter; metadata supplies field ID and name
repeat__cholesterol_to_total_lipids_in_medium_ldl_percentage,Raw NMR parameter; metadata supplies field ID and name
repeat__cholesterol_to_total_lipids_in_medium_vldl_percentage,Raw NMR parameter; metadata supplies field ID and name
repeat__cholesterol_to_total_lipids_in_small_hdl_percentage,Raw NMR parameter; metadata supplies field ID and name
repeat__cholesterol_to_total_lipids_in_small_ldl_percentage,Raw NMR parameter; metadata supplies field ID and name
repeat__cholesterol_to_total_lipids_in_small_vldl_percentage,Raw NMR parameter; metadata supplies field ID and name
repeat__cholesterol_to_total_lipids_in_very_large_hdl_percentage,Raw NMR parameter; metadata supplies field ID and name
repeat__cholesterol_to_total_lipids_in_very_large_vldl_percentage,Raw NMR parameter; metadata supplies field ID and name
repeat__cholesterol_to_total_lipids_in_very_small_vldl_percentage,Raw NMR parameter; metadata supplies field ID and name
repeat__cholesteryl_esters_in_chylomicrons_and_extremely_large_vldl,Raw NMR parameter; metadata supplies field ID and name
repeat__cholesteryl_esters_in_hdl,Raw NMR parameter; metadata supplies field ID and name
repeat__cholesteryl_esters_in_idl,Raw NMR parameter; metadata supplies field ID and name
repeat__cholesteryl_esters_in_ldl,Raw NMR parameter; metadata supplies field ID and name
repeat__cholesteryl_esters_in_large_hdl,Raw NMR parameter; metadata supplies field ID and name
repeat__cholesteryl_esters_in_large_ldl,Raw NMR parameter; metadata supplies field ID and name
repeat__cholesteryl_esters_in_large_vldl,Raw NMR parameter; metadata supplies field ID and name
repeat__cholesteryl_esters_in_medium_hdl,Raw NMR parameter; metadata supplies field ID and name
repeat__cholesteryl_esters_in_medium_ldl,Raw NMR parameter; metadata supplies field ID and name
repeat__cholesteryl_esters_in_medium_vldl,Raw NMR parameter; metadata supplies field ID and name
repeat__cholesteryl_esters_in_small_hdl,Raw NMR parameter; metadata supplies field ID and name
repeat__cholesteryl_esters_in_small_ldl,Raw NMR parameter; metadata supplies field ID and name
repeat__cholesteryl_esters_in_small_vldl,Raw NMR parameter; metadata supplies field ID and name
repeat__cholesteryl_esters_in_vldl,Raw NMR parameter; metadata supplies field ID and name
repeat__cholesteryl_esters_in_very_large_hdl,Raw NMR parameter; metadata supplies field ID and name
repeat__cholesteryl_esters_in_very_large_vldl,Raw NMR parameter; metadata supplies field ID and name
repeat__cholesteryl_esters_in_very_small_vldl,Raw NMR parameter; metadata supplies field ID and name
repeat__cholesteryl_esters_to_total_lipids_in_chylomicrons_and_extremely_large_vldl_percentage,Raw NMR parameter; metadata supplies field ID and name
repeat__cholesteryl_esters_to_total_lipids_in_idl_percentage,Raw NMR parameter; metadata supplies field ID and name
repeat__cholesteryl_esters_to_total_lipids_in_large_hdl_percentage,Raw NMR parameter; metadata supplies field ID and name
repeat__cholesteryl_esters_to_total_lipids_in_large_ldl_percentage,Raw NMR parameter; metadata supplies field ID and name
repeat__cholesteryl_esters_to_total_lipids_in_large_vldl_percentage,Raw NMR parameter; metadata supplies field ID and name
repeat__cholesteryl_esters_to_total_lipids_in_medium_hdl_percentage,Raw NMR parameter; metadata supplies field ID and name
repeat__cholesteryl_esters_to_total_lipids_in_medium_ldl_percentage,Raw NMR parameter; metadata supplies field ID and name
repeat__cholesteryl_esters_to_total_lipids_in_medium_vldl_percentage,Raw NMR parameter; metadata supplies field ID and name
repeat__cholesteryl_esters_to_total_lipids_in_small_hdl_percentage,Raw NMR parameter; metadata supplies field ID and name
repeat__cholesteryl_esters_to_total_lipids_in_small_ldl_percentage,Raw NMR parameter; metadata supplies field ID and name
repeat__cholesteryl_esters_to_total_lipids_in_small_vldl_percentage,Raw NMR parameter; metadata supplies field ID and name
repeat__cholesteryl_esters_to_total_lipids_in_very_large_hdl_percentage,Raw NMR parameter; metadata supplies field ID and name
repeat__cholesteryl_esters_to_total_lipids_in_very_large_vldl_percentage,Raw NMR parameter; metadata supplies field ID and name
repeat__cholesteryl_esters_to_total_lipids_in_very_small_vldl_percentage,Raw NMR parameter; metadata supplies field ID and name
repeat__citrate,Raw NMR parameter; metadata supplies field ID and name
repeat__clinical_ldl_cholesterol,Raw NMR parameter; metadata supplies field ID and name
repeat__concentration_of_chylomicrons_and_extremely_large_vldl_particles,Raw NMR parameter; metadata supplies field ID and name
repeat__concentration_of_hdl_particles,Raw NMR parameter; metadata supplies field ID and name
repeat__concentration_of_idl_particles,Raw NMR parameter; metadata supplies field ID and name
repeat__concentration_of_ldl_particles,Raw NMR parameter; metadata supplies field ID and name
repeat__concentration_of_large_hdl_particles,Raw NMR parameter; metadata supplies field ID and name
repeat__concentration_of_large_ldl_particles,Raw NMR parameter; metadata supplies field ID and name
repeat__concentration_of_large_vldl_particles,Raw NMR parameter; metadata supplies field ID and name
repeat__concentration_of_medium_hdl_particles,Raw NMR parameter; metadata supplies field ID and name
repeat__concentration_of_medium_ldl_particles,Raw NMR parameter; metadata supplies field ID and name
repeat__concentration_of_medium_vldl_particles,Raw NMR parameter; metadata supplies field ID and name
repeat__concentration_of_small_hdl_particles,Raw NMR parameter; metadata supplies field ID and name
repeat__concentration_of_small_ldl_particles,Raw NMR parameter; metadata supplies field ID and name
repeat__concentration_of_small_vldl_particles,Raw NMR parameter; metadata supplies field ID and name
repeat__concentration_of_vldl_particles,Raw NMR parameter; metadata supplies field ID and name
repeat__concentration_of_very_large_hdl_particles,Raw NMR parameter; metadata supplies field ID and name
repeat__concentration_of_very_large_vldl_particles,Raw NMR parameter; metadata supplies field ID and name
repeat__concentration_of_very_small_vldl_particles,Raw NMR parameter; metadata supplies field ID and name
repeat__creatinine,Raw NMR parameter; metadata supplies field ID and name
repeat__degree_of_unsaturation,Raw NMR parameter; metadata supplies field ID and name
repeat__docosahexaenoic_acid,Raw NMR parameter; metadata supplies field ID and name
repeat__docosahexaenoic_acid_to_total_fatty_acids_percentage,Raw NMR parameter; metadata supplies field ID and name
repeat__free_cholesterol_in_chylomicrons_and_extremely_large_vldl,Raw NMR parameter; metadata supplies field ID and name
repeat__free_cholesterol_in_hdl,Raw NMR parameter; metadata supplies field ID and name
repeat__free_cholesterol_in_idl,Raw NMR parameter; metadata supplies field ID and name
repeat__free_cholesterol_in_ldl,Raw NMR parameter; metadata supplies field ID and name
repeat__free_cholesterol_in_large_hdl,Raw NMR parameter; metadata supplies field ID and name
repeat__free_cholesterol_in_large_ldl,Raw NMR parameter; metadata supplies field ID and name
repeat__free_cholesterol_in_large_vldl,Raw NMR parameter; metadata supplies field ID and name
repeat__free_cholesterol_in_medium_hdl,Raw NMR parameter; metadata supplies field ID and name
repeat__free_cholesterol_in_medium_ldl,Raw NMR parameter; metadata supplies field ID and name
repeat__free_cholesterol_in_medium_vldl,Raw NMR parameter; metadata supplies field ID and name
repeat__free_cholesterol_in_small_hdl,Raw NMR parameter; metadata supplies field ID and name
repeat__free_cholesterol_in_small_ldl,Raw NMR parameter; metadata supplies field ID and name
repeat__free_cholesterol_in_small_vldl,Raw NMR parameter; metadata supplies field ID and name
repeat__free_cholesterol_in_vldl,Raw NMR parameter; metadata supplies field ID and name
repeat__free_cholesterol_in_very_large_hdl,Raw NMR parameter; metadata supplies field ID and name
repeat__free_cholesterol_in_very_large_vldl,Raw NMR parameter; metadata supplies field ID and name
repeat__free_cholesterol_in_very_small_vldl,Raw NMR parameter; metadata supplies field ID and name
repeat__free_cholesterol_to_total_lipids_in_chylomicrons_and_extremely_large_vldl_percentage,Raw NMR parameter; metadata supplies field ID and name
repeat__free_cholesterol_to_total_lipids_in_idl_percentage,Raw NMR parameter; metadata supplies field ID and name
repeat__free_cholesterol_to_total_lipids_in_large_hdl_percentage,Raw NMR parameter; metadata supplies field ID and name
repeat__free_cholesterol_to_total_lipids_in_large_ldl_percentage,Raw NMR parameter; metadata supplies field ID and name
repeat__free_cholesterol_to_total_lipids_in_large_vldl_percentage,Raw NMR parameter; metadata supplies field ID and name
repeat__free_cholesterol_to_total_lipids_in_medium_hdl_percentage,Raw NMR parameter; metadata supplies field ID and name
repeat__free_cholesterol_to_total_lipids_in_medium_ldl_percentage,Raw NMR parameter; metadata supplies field ID and name
repeat__free_cholesterol_to_total_lipids_in_medium_vldl_percentage,Raw NMR parameter; metadata supplies field ID and name
repeat__free_cholesterol_to_total_lipids_in_small_hdl_percentage,Raw NMR parameter; metadata supplies field ID and name
repeat__free_cholesterol_to_total_lipids_in_small_ldl_percentage,Raw NMR parameter; metadata supplies field ID and name
repeat__free_cholesterol_to_total_lipids_in_small_vldl_percentage,Raw NMR parameter; metadata supplies field ID and name
repeat__free_cholesterol_to_total_lipids_in_very_large_hdl_percentage,Raw NMR parameter; metadata supplies field ID and name
repeat__free_cholesterol_to_total_lipids_in_very_large_vldl_percentage,Raw NMR parameter; metadata supplies field ID and name
repeat__free_cholesterol_to_total_lipids_in_very_small_vldl_percentage,Raw NMR parameter; metadata supplies field ID and name
repeat__glucose,Raw NMR parameter; metadata supplies field ID and name
repeat__glucose_lactate,Raw NMR parameter; metadata supplies field ID and name
repeat__glutamine,Raw NMR parameter; metadata supplies field ID and name
repeat__glycine,Raw NMR parameter; metadata supplies field ID and name
repeat__glycoprotein_acetyls,Raw NMR parameter; metadata supplies field ID and name
repeat__hdl_cholesterol,Raw NMR parameter; metadata supplies field ID and name
repeat__histidine,Raw NMR parameter; metadata supplies field ID and name
repeat__isoleucine,Raw NMR parameter; metadata supplies field ID and name
repeat__ldl_cholesterol,Raw NMR parameter; metadata supplies field ID and name
repeat__lactate,Raw NMR parameter; metadata supplies field ID and name
repeat__leucine,Raw NMR parameter; metadata supplies field ID and name
repeat__linoleic_acid,Raw NMR parameter; metadata supplies field ID and name
repeat__linoleic_acid_to_total_fatty_acids_percentage,Raw NMR parameter; metadata supplies field ID and name
repeat__monounsaturated_fatty_acids,Raw NMR parameter; metadata supplies field ID and name
repeat__monounsaturated_fatty_acids_to_total_fatty_acids_percentage,Raw NMR parameter; metadata supplies field ID and name
repeat__omega_3_fatty_acids,Raw NMR parameter; metadata supplies field ID and name
repeat__omega_3_fatty_acids_to_total_fatty_acids_percentage,Raw NMR parameter; metadata supplies field ID and name
repeat__omega_6_fatty_acids,Raw NMR parameter; metadata supplies field ID and name
repeat__omega_6_fatty_acids_to_omega_3_fatty_acids_ratio,Raw NMR parameter; metadata supplies field ID and name
repeat__omega_6_fatty_acids_to_total_fatty_acids_percentage,Raw NMR parameter; metadata supplies field ID and name
repeat__phenylalanine,Raw NMR parameter; metadata supplies field ID and name
repeat__phosphatidylcholines,Raw NMR parameter; metadata supplies field ID and name
repeat__phosphoglycerides,Raw NMR parameter; metadata supplies field ID and name
repeat__phospholipids_in_chylomicrons_and_extremely_large_vldl,Raw NMR parameter; metadata supplies field ID and name
repeat__phospholipids_in_hdl,Raw NMR parameter; metadata supplies field ID and name
repeat__phospholipids_in_idl,Raw NMR parameter; metadata supplies field ID and name
repeat__phospholipids_in_ldl,Raw NMR parameter; metadata supplies field ID and name
repeat__phospholipids_in_large_hdl,Raw NMR parameter; metadata supplies field ID and name
repeat__phospholipids_in_large_ldl,Raw NMR parameter; metadata supplies field ID and name
repeat__phospholipids_in_large_vldl,Raw NMR parameter; metadata supplies field ID and name
repeat__phospholipids_in_medium_hdl,Raw NMR parameter; metadata supplies field ID and name
repeat__phospholipids_in_medium_ldl,Raw NMR parameter; metadata supplies field ID and name
repeat__phospholipids_in_medium_vldl,Raw NMR parameter; metadata supplies field ID and name
repeat__phospholipids_in_small_hdl,Raw NMR parameter; metadata supplies field ID and name
repeat__phospholipids_in_small_ldl,Raw NMR parameter; metadata supplies field ID and name
repeat__phospholipids_in_small_vldl,Raw NMR parameter; metadata supplies field ID and name
repeat__phospholipids_in_vldl,Raw NMR parameter; metadata supplies field ID and name
repeat__phospholipids_in_very_large_hdl,Raw NMR parameter; metadata supplies field ID and name
repeat__phospholipids_in_very_large_vldl,Raw NMR parameter; metadata supplies field ID and name
repeat__phospholipids_in_very_small_vldl,Raw NMR parameter; metadata supplies field ID and name
repeat__phospholipids_to_total_lipids_in_chylomicrons_and_extremely_large_vldl_percentage,Raw NMR parameter; metadata supplies field ID and name
repeat__phospholipids_to_total_lipids_in_idl_percentage,Raw NMR parameter; metadata supplies field ID and name
repeat__phospholipids_to_total_lipids_in_large_hdl_percentage,Raw NMR parameter; metadata supplies field ID and name
repeat__phospholipids_to_total_lipids_in_large_ldl_percentage,Raw NMR parameter; metadata supplies field ID and name
repeat__phospholipids_to_total_lipids_in_large_vldl_percentage,Raw NMR parameter; metadata supplies field ID and name
repeat__phospholipids_to_total_lipids_in_medium_hdl_percentage,Raw NMR parameter; metadata supplies field ID and name
repeat__phospholipids_to_total_lipids_in_medium_ldl_percentage,Raw NMR parameter; metadata supplies field ID and name
repeat__phospholipids_to_total_lipids_in_medium_vldl_percentage,Raw NMR parameter; metadata supplies field ID and name
repeat__phospholipids_to_total_lipids_in_small_hdl_percentage,Raw NMR parameter; metadata supplies field ID and name
repeat__phospholipids_to_total_lipids_in_small_ldl_percentage,Raw NMR parameter; metadata supplies field ID and name
repeat__phospholipids_to_total_lipids_in_small_vldl_percentage,Raw NMR parameter; metadata supplies field ID and name
repeat__phospholipids_to_total_lipids_in_very_large_hdl_percentage,Raw NMR parameter; metadata supplies field ID and name
repeat__phospholipids_to_total_lipids_in_very_large_vldl_percentage,Raw NMR parameter; metadata supplies field ID and name
repeat__phospholipids_to_total_lipids_in_very_small_vldl_percentage,Raw NMR parameter; metadata supplies field ID and name
repeat__polyunsaturated_fatty_acids,Raw NMR parameter; metadata supplies field ID and name
repeat__polyunsaturated_fatty_acids_to_monounsaturated_fatty_acids_ratio,Raw NMR parameter; metadata supplies field ID and name
repeat__polyunsaturated_fatty_acids_to_total_fatty_acids_percentage,Raw NMR parameter; metadata supplies field ID and name
repeat__pyruvate,Raw NMR parameter; metadata supplies field ID and name
repeat__remnant_cholesterol_non_hdl_non_ldl_cholesterol,Raw NMR parameter; metadata supplies field ID and name
repeat__saturated_fatty_acids,Raw NMR parameter; metadata supplies field ID and name
repeat__saturated_fatty_acids_to_total_fatty_acids_percentage,Raw NMR parameter; metadata supplies field ID and name
repeat__spectrometer_corrected_alanine,Raw NMR parameter; metadata supplies field ID and name
repeat__sphingomyelins,Raw NMR parameter; metadata supplies field ID and name
repeat__total_cholesterol,Raw NMR parameter; metadata supplies field ID and name
repeat__total_cholesterol_minus_hdl_c,Raw NMR parameter; metadata supplies field ID and name
repeat__total_cholines,Raw NMR parameter; metadata supplies field ID and name
repeat__total_concentration_of_branched_chain_amino_acids_leucine_isoleucine_valine,Raw NMR parameter; metadata supplies field ID and name
repeat__total_concentration_of_lipoprotein_particles,Raw NMR parameter; metadata supplies field ID and name
repeat__total_esterified_cholesterol,Raw NMR parameter; metadata supplies field ID and name
repeat__total_fatty_acids,Raw NMR parameter; metadata supplies field ID and name
repeat__total_free_cholesterol,Raw NMR parameter; metadata supplies field ID and name
repeat__total_lipids_in_chylomicrons_and_extremely_large_vldl,Raw NMR parameter; metadata supplies field ID and name
repeat__total_lipids_in_hdl,Raw NMR parameter; metadata supplies field ID and name
repeat__total_lipids_in_idl,Raw NMR parameter; metadata supplies field ID and name
repeat__total_lipids_in_ldl,Raw NMR parameter; metadata supplies field ID and name
repeat__total_lipids_in_large_hdl,Raw NMR parameter; metadata supplies field ID and name
repeat__total_lipids_in_large_ldl,Raw NMR parameter; metadata supplies field ID and name
repeat__total_lipids_in_large_vldl,Raw NMR parameter; metadata supplies field ID and name
repeat__total_lipids_in_lipoprotein_particles,Raw NMR parameter; metadata supplies field ID and name
repeat__total_lipids_in_medium_hdl,Raw NMR parameter; metadata supplies field ID and name
repeat__total_lipids_in_medium_ldl,Raw NMR parameter; metadata supplies field ID and name
repeat__total_lipids_in_medium_vldl,Raw NMR parameter; metadata supplies field ID and name
repeat__total_lipids_in_small_hdl,Raw NMR parameter; metadata supplies field ID and name
repeat__total_lipids_in_small_ldl,Raw NMR parameter; metadata supplies field ID and name
repeat__total_lipids_in_small_vldl,Raw NMR parameter; metadata supplies field ID and name
repeat__total_lipids_in_vldl,Raw NMR parameter; metadata supplies field ID and name
repeat__total_lipids_in_very_large_hdl,Raw NMR parameter; metadata supplies field ID and name
repeat__total_lipids_in_very_large_vldl,Raw NMR parameter; metadata supplies field ID and name
repeat__total_lipids_in_very_small_vldl,Raw NMR parameter; metadata supplies field ID and name
repeat__total_phospholipids_in_lipoprotein_particles,Raw NMR parameter; metadata supplies field ID and name
repeat__total_triglycerides,Raw NMR parameter; metadata supplies field ID and name
repeat__triglycerides_in_chylomicrons_and_extremely_large_vldl,Raw NMR parameter; metadata supplies field ID and name
repeat__triglycerides_in_hdl,Raw NMR parameter; metadata supplies field ID and name
repeat__triglycerides_in_idl,Raw NMR parameter; metadata supplies field ID and name
repeat__triglycerides_in_ldl,Raw NMR parameter; metadata supplies field ID and name
repeat__triglycerides_in_large_hdl,Raw NMR parameter; metadata supplies field ID and name
repeat__triglycerides_in_large_ldl,Raw NMR parameter; metadata supplies field ID and name
repeat__triglycerides_in_large_vldl,Raw NMR parameter; metadata supplies field ID and name
repeat__triglycerides_in_medium_hdl,Raw NMR parameter; metadata supplies field ID and name
repeat__triglycerides_in_medium_ldl,Raw NMR parameter; metadata supplies field ID and name
repeat__triglycerides_in_medium_vldl,Raw NMR parameter; metadata supplies field ID and name
repeat__triglycerides_in_small_hdl,Raw NMR parameter; metadata supplies field ID and name
repeat__triglycerides_in_small_ldl,Raw NMR parameter; metadata supplies field ID and name
repeat__triglycerides_in_small_vldl,Raw NMR parameter; metadata supplies field ID and name
repeat__triglycerides_in_vldl,Raw NMR parameter; metadata supplies field ID and name
repeat__triglycerides_in_very_large_hdl,Raw NMR parameter; metadata supplies field ID and name
repeat__triglycerides_in_very_large_vldl,Raw NMR parameter; metadata supplies field ID and name
repeat__triglycerides_in_very_small_vldl,Raw NMR parameter; metadata supplies field ID and name
repeat__triglycerides_to_phosphoglycerides_ratio,Raw NMR parameter; metadata supplies field ID and name
repeat__triglycerides_to_total_lipids_in_chylomicrons_and_extremely_large_vldl_percentage,Raw NMR parameter; metadata supplies field ID and name
repeat__triglycerides_to_total_lipids_in_idl_percentage,Raw NMR parameter; metadata supplies field ID and name
repeat__triglycerides_to_total_lipids_in_large_hdl_percentage,Raw NMR parameter; metadata supplies field ID and name
repeat__triglycerides_to_total_lipids_in_large_ldl_percentage,Raw NMR parameter; metadata supplies field ID and name
repeat__triglycerides_to_total_lipids_in_large_vldl_percentage,Raw NMR parameter; metadata supplies field ID and name
repeat__triglycerides_to_total_lipids_in_medium_hdl_percentage,Raw NMR parameter; metadata supplies field ID and name
repeat__triglycerides_to_total_lipids_in_medium_ldl_percentage,Raw NMR parameter; metadata supplies field ID and name
repeat__triglycerides_to_total_lipids_in_medium_vldl_percentage,Raw NMR parameter; metadata supplies field ID and name
repeat__triglycerides_to_total_lipids_in_small_hdl_percentage,Raw NMR parameter; metadata supplies field ID and name
repeat__triglycerides_to_total_lipids_in_small_ldl_percentage,Raw NMR parameter; metadata supplies field ID and name
repeat__triglycerides_to_total_lipids_in_small_vldl_percentage,Raw NMR parameter; metadata supplies field ID and name
repeat__triglycerides_to_total_lipids_in_very_large_hdl_percentage,Raw NMR parameter; metadata supplies field ID and name
repeat__triglycerides_to_total_lipids_in_very_large_vldl_percentage,Raw NMR parameter; metadata supplies field ID and name
repeat__triglycerides_to_total_lipids_in_very_small_vldl_percentage,Raw NMR parameter; metadata supplies field ID and name
repeat__tyrosine,Raw NMR parameter; metadata supplies field ID and name
repeat__vldl_cholesterol,Raw NMR parameter; metadata supplies field ID and name
repeat__valine,Raw NMR parameter; metadata supplies field ID and name
